Timestamp,UTC,Callsign,Position,Altitude,Speed,Direction
1762237545,2025-11-04T06:25:45Z,AIC2630,"13.199284,77.722763",0,0,90
1762237571,2025-11-04T06:26:11Z,AIC2630,"13.199284,77.722557",0,0,92
1762237592,2025-11-04T06:26:32Z,AIC2630,"13.199284,77.722343",0,0,104
1762237616,2025-11-04T06:26:56Z,AIC2630,"13.199351,77.722137",0,0,104
1762237640,2025-11-04T06:27:20Z,AIC2630,"13.199432,77.721924",0,2,53
1762237903,2025-11-04T06:31:43Z,AIC2630,"13.199642,77.721779",0,4,2
1762237911,2025-11-04T06:31:51Z,AIC2630,"13.199856,77.721771",0,6,2
1762237919,2025-11-04T06:31:59Z,AIC2630,"13.200108,77.721786",0,7,2
1762237927,2025-11-04T06:32:07Z,AIC2630,"13.200434,77.721779",0,8,2
1762237935,2025-11-04T06:32:15Z,AIC2630,"13.200726,77.721786",0,8,2
1762237942,2025-11-04T06:32:22Z,AIC2630,"13.200966,77.721786",0,7,2
1762237949,2025-11-04T06:32:29Z,AIC2630,"13.201195,77.721786",0,8,2
1762237957,2025-11-04T06:32:37Z,AIC2630,"13.201505,77.721802",0,8,5
1762237965,2025-11-04T06:32:45Z,AIC2630,"13.20171,77.721985",0,8,45
1762237970,2025-11-04T06:32:50Z,AIC2630,"13.201744,77.722198",0,8,78
1762237976,2025-11-04T06:32:56Z,AIC2630,"13.201737,77.722404",0,7,90
1762237982,2025-11-04T06:33:02Z,AIC2630,"13.201737,77.72261",0,8,90
1762237987,2025-11-04T06:33:07Z,AIC2630,"13.201733,77.722839",0,10,90
1762237995,2025-11-04T06:33:15Z,AIC2630,"13.201721,77.723228",0,12,90
1762238002,2025-11-04T06:33:22Z,AIC2630,"13.201721,77.723656",0,12,90
1762238010,2025-11-04T06:33:30Z,AIC2630,"13.201715,77.724106",0,13,90
1762238018,2025-11-04T06:33:38Z,AIC2630,"13.201715,77.724449",0,13,90
1762238025,2025-11-04T06:33:45Z,AIC2630,"13.20171,77.724945",0,9,87
1762238030,2025-11-04T06:33:50Z,AIC2630,"13.201796,77.725174",0,9,67
1762238039,2025-11-04T06:33:59Z,AIC2630,"13.202005,77.725296",0,6,28
1762238045,2025-11-04T06:34:05Z,AIC2630,"13.202213,77.725288",0,7,2
1762238051,2025-11-04T06:34:11Z,AIC2630,"13.202435,77.725281",0,9,2
1762238056,2025-11-04T06:34:16Z,AIC2630,"13.202645,77.725281",0,8,2
1762238064,2025-11-04T06:34:24Z,AIC2630,"13.202913,77.725281",0,8,2
1762238071,2025-11-04T06:34:31Z,AIC2630,"13.203238,77.725296",0,9,2
1762238076,2025-11-04T06:34:36Z,AIC2630,"13.203461,77.725266",0,8,348
1762238104,2025-11-04T06:35:04Z,AIC2630,"13.203678,77.725098",0,3,320
1762238116,2025-11-04T06:35:16Z,AIC2630,"13.203861,77.724884",0,6,312
1762238126,2025-11-04T06:35:26Z,AIC2630,"13.204065,77.724655",0,8,312
1762238133,2025-11-04T06:35:33Z,AIC2630,"13.204239,77.724434",0,9,309
1762238140,2025-11-04T06:35:40Z,AIC2630,"13.204461,77.724174",0,10,309
1762238147,2025-11-04T06:35:47Z,AIC2630,"13.204659,77.723938",0,11,309
1762238154,2025-11-04T06:35:54Z,AIC2630,"13.204891,77.723656",0,10,309
1762238160,2025-11-04T06:36:00Z,AIC2630,"13.205031,77.72345",0,9,303
1762238165,2025-11-04T06:36:05Z,AIC2630,"13.205097,77.723244",0,8,286
1762238171,2025-11-04T06:36:11Z,AIC2630,"13.205148,77.72303",0,7,286
1762238181,2025-11-04T06:36:21Z,AIC2630,"13.205395,77.722839",0,7,329
1762238189,2025-11-04T06:36:29Z,AIC2630,"13.205692,77.722824",0,9,354
1762238193,2025-11-04T06:36:33Z,AIC2630,"13.205904,77.722824",0,11,357
1762238197,2025-11-04T06:36:37Z,AIC2630,"13.206104,77.722824",0,12,357
1762238201,2025-11-04T06:36:41Z,AIC2630,"13.206358,77.722824",0,13,357
1762238205,2025-11-04T06:36:45Z,AIC2630,"13.206579,77.722801",0,12,351
1762238210,2025-11-04T06:36:50Z,AIC2630,"13.206788,77.722656",0,9,323
1762238217,2025-11-04T06:36:57Z,AIC2630,"13.206825,77.72245",0,6,284
1762238255,2025-11-04T06:37:35Z,AIC2630,"13.206825,77.722244",0,0,272
1762238262,2025-11-04T06:37:42Z,AIC2630,"13.206837,77.721985",0,12,272
1762238269,2025-11-04T06:37:49Z,AIC2630,"13.206848,77.721046",0,37,270
1762238276,2025-11-04T06:37:56Z,AIC2630,"13.20687,77.718704",0,74,270
1762238280,2025-11-04T06:38:00Z,AIC2630,"13.206882,77.71714",0,90,270
1762238281,2025-11-04T06:38:01Z,AIC2630,"13.206882,77.716904",0,90,270
1762238283,2025-11-04T06:38:03Z,AIC2630,"13.20687,77.716034",2875,99,270
1762238286,2025-11-04T06:38:06Z,AIC2630,"13.206894,77.714111",2875,115,270
1762238294,2025-11-04T06:38:14Z,AIC2630,"13.20694,77.709",2875,136,270
1762238300,2025-11-04T06:38:20Z,AIC2630,"13.207009,77.704369",2825,157,271
1762238302,2025-11-04T06:38:22Z,AIC2630,"13.207056,77.702736",2900,164,271
1762238305,2025-11-04T06:38:25Z,AIC2630,"13.207056,77.700706",3000,164,271
1762238307,2025-11-04T06:38:27Z,AIC2630,"13.207103,77.699265",3075,162,271
1762238316,2025-11-04T06:38:36Z,AIC2630,"13.207289,77.692665",3325,165,272
1762238320,2025-11-04T06:38:40Z,AIC2630,"13.207672,77.689064",3475,166,276
1762238322,2025-11-04T06:38:42Z,AIC2630,"13.207993,77.6875",3550,167,281
1762238324,2025-11-04T06:38:44Z,AIC2630,"13.208405,77.685982",3600,167,284
1762238326,2025-11-04T06:38:46Z,AIC2630,"13.208954,77.684326",3675,167,288
1762238329,2025-11-04T06:38:49Z,AIC2630,"13.209641,77.682625",3775,167,291
1762238331,2025-11-04T06:38:51Z,AIC2630,"13.210687,77.680618",3850,168,294
1762238333,2025-11-04T06:38:53Z,AIC2630,"13.211105,77.679878",3875,171,298
1762238336,2025-11-04T06:38:56Z,AIC2630,"13.212456,77.677727",3925,173,302
1762238338,2025-11-04T06:38:58Z,AIC2630,"13.21344,77.676323",3950,177,305
1762238340,2025-11-04T06:39:00Z,AIC2630,"13.214504,77.674927",4000,182,306
1762238342,2025-11-04T06:39:02Z,AIC2630,"13.215729,77.673294",4025,184,307
1762238344,2025-11-04T06:39:04Z,AIC2630,"13.21669,77.671967",4050,190,306
1762238346,2025-11-04T06:39:06Z,AIC2630,"13.217856,77.670303",4100,192,305
1762238348,2025-11-04T06:39:08Z,AIC2630,"13.218979,77.668655",4150,195,305
1762238350,2025-11-04T06:39:10Z,AIC2630,"13.220044,77.66703",4200,199,303
1762238352,2025-11-04T06:39:12Z,AIC2630,"13.221068,77.665291",4250,201,302
1762238355,2025-11-04T06:39:15Z,AIC2630,"13.221999,77.663704",4300,205,301
1762238357,2025-11-04T06:39:17Z,AIC2630,"13.223256,77.661484",4350,208,300
1762238359,2025-11-04T06:39:19Z,AIC2630,"13.224426,77.659416",4400,211,299
1762238361,2025-11-04T06:39:21Z,AIC2630,"13.225479,77.657669",4425,215,300
1762238363,2025-11-04T06:39:23Z,AIC2630,"13.226562,77.655945",4450,217,301
1762238366,2025-11-04T06:39:26Z,AIC2630,"13.228098,77.653778",4500,222,305
1762238368,2025-11-04T06:39:28Z,AIC2630,"13.229462,77.652077",4550,225,308
1762238370,2025-11-04T06:39:30Z,AIC2630,"13.230984,77.650497",4625,228,311
1762238372,2025-11-04T06:39:32Z,AIC2630,"13.232529,77.648949",4700,229,314
1762238374,2025-11-04T06:39:34Z,AIC2630,"13.23415,77.647514",4775,230,317
1762238376,2025-11-04T06:39:36Z,AIC2630,"13.235732,77.646164",4825,232,319
1762238378,2025-11-04T06:39:38Z,AIC2630,"13.238068,77.644455",4925,236,322
1762238380,2025-11-04T06:39:40Z,AIC2630,"13.240248,77.642982",5025,236,324
1762238383,2025-11-04T06:39:43Z,AIC2630,"13.242249,77.641777",5125,238,328
1762238385,2025-11-04T06:39:45Z,AIC2630,"13.244156,77.640663",5225,239,329
1762238387,2025-11-04T06:39:47Z,AIC2630,"13.24616,77.639565",5350,239,331
1762238389,2025-11-04T06:39:49Z,AIC2630,"13.248276,77.638489",5475,238,332
1762238391,2025-11-04T06:39:51Z,AIC2630,"13.250443,77.637489",5625,237,334
1762238394,2025-11-04T06:39:54Z,AIC2630,"13.252899,77.636353",5775,235,336
1762238396,2025-11-04T06:39:56Z,AIC2630,"13.255051,77.635506",5900,235,337
1762238398,2025-11-04T06:39:58Z,AIC2630,"13.257294,77.634605",6025,236,338
1762238400,2025-11-04T06:40:00Z,AIC2630,"13.259445,77.633797",6150,235,339
1762238402,2025-11-04T06:40:02Z,AIC2630,"13.262146,77.632805",6300,235,340
1762238404,2025-11-04T06:40:04Z,AIC2630,"13.264362,77.631996",6400,235,340
1762238407,2025-11-04T06:40:07Z,AIC2630,"13.266317,77.631271",6500,236,340
1762238409,2025-11-04T06:40:09Z,AIC2630,"13.268463,77.630531",6625,236,340
1762238411,2025-11-04T06:40:11Z,AIC2630,"13.271027,77.629585",6775,236,340
1762238413,2025-11-04T06:40:13Z,AIC2630,"13.272491,77.629066",6850,235,340
1762238426,2025-11-04T06:40:26Z,AIC2630,"13.2868,77.623711",7525,240,339
1762238439,2025-11-04T06:40:39Z,AIC2630,"13.300735,77.618217",8150,243,338
1762238452,2025-11-04T06:40:52Z,AIC2630,"13.314331,77.61235",8700,251,336
1762238465,2025-11-04T06:41:05Z,AIC2630,"13.327952,77.606506",9225,256,337
1762238480,2025-11-04T06:41:20Z,AIC2630,"13.344665,77.599571",10050,255,337
1762238493,2025-11-04T06:41:33Z,AIC2630,"13.358397,77.593979",10625,257,338
1762238506,2025-11-04T06:41:46Z,AIC2630,"13.373108,77.588097",11200,260,338
1762238519,2025-11-04T06:41:59Z,AIC2630,"13.388191,77.582077",11750,265,338
1762238531,2025-11-04T06:42:11Z,AIC2630,"13.402436,77.576393",12325,265,338
1762238562,2025-11-04T06:42:42Z,AIC2630,"13.439163,77.561676",13400,286,338
1762238595,2025-11-04T06:43:15Z,AIC2630,"13.482285,77.544296",13925,327,338
1762238627,2025-11-04T06:43:47Z,AIC2630,"13.531265,77.524406",14450,363,338
1762238659,2025-11-04T06:44:19Z,AIC2630,"13.582535,77.503616",15750,368,338
1762238690,2025-11-04T06:44:50Z,AIC2630,"13.631516,77.483826",16925,373,338
1762238723,2025-11-04T06:45:23Z,AIC2630,"13.685074,77.462044",18100,378,338
1762238753,2025-11-04T06:45:53Z,AIC2630,"13.734353,77.442001",19025,386,338
1762238786,2025-11-04T06:46:26Z,AIC2630,"13.788215,77.41993",20575,377,338
1762238816,2025-11-04T06:46:56Z,AIC2630,"13.837646,77.399818",21550,382,338
1762238847,2025-11-04T06:47:27Z,AIC2630,"13.889605,77.378685",22075,400,338
1762238879,2025-11-04T06:47:59Z,AIC2630,"13.94733,77.355125",22625,415,338
1762238910,2025-11-04T06:48:30Z,AIC2630,"14.004124,77.331894",23125,428,338
1762238941,2025-11-04T06:49:01Z,AIC2630,"14.061894,77.308334",23725,436,338
1762238974,2025-11-04T06:49:34Z,AIC2630,"14.125214,77.282471",24300,445,338
1762239005,2025-11-04T06:50:05Z,AIC2630,"14.183303,77.258751",25150,444,338
1762239038,2025-11-04T06:50:38Z,AIC2630,"14.2468,77.23278",25875,448,338
1762239070,2025-11-04T06:51:10Z,AIC2630,"14.307861,77.207794",26425,453,338
1762239105,2025-11-04T06:51:45Z,AIC2630,"14.377239,77.17939",27075,457,338
1762239140,2025-11-04T06:52:20Z,AIC2630,"14.445511,77.151489",27650,460,338
1762239173,2025-11-04T06:52:53Z,AIC2630,"14.513079,77.123779",28100,466,338
1762239204,2025-11-04T06:53:24Z,AIC2630,"14.575925,77.098",28575,468,338
1762239236,2025-11-04T06:53:56Z,AIC2630,"14.642215,77.073143",29050,469,340
1762239270,2025-11-04T06:54:30Z,AIC2630,"14.709483,77.043312",29500,474,331
1762239273,2025-11-04T06:54:33Z,AIC2630,"14.7155,77.039734",29550,473,330
1762239277,2025-11-04T06:54:37Z,AIC2630,"14.722961,77.034996",29625,474,329
1762239280,2025-11-04T06:54:40Z,AIC2630,"14.728317,77.031448",29675,474,327
1762239282,2025-11-04T06:54:42Z,AIC2630,"14.732433,77.028564",29725,474,326
1762239284,2025-11-04T06:54:44Z,AIC2630,"14.736018,77.025963",29750,474,325
1762239286,2025-11-04T06:54:46Z,AIC2630,"14.740487,77.022644",29800,474,324
1762239289,2025-11-04T06:54:49Z,AIC2630,"14.742954,77.02076",29850,474,323
1762239291,2025-11-04T06:54:51Z,AIC2630,"14.748168,77.016617",29900,474,322
1762239293,2025-11-04T06:54:53Z,AIC2630,"14.752311,77.013245",29950,474,321
1762239295,2025-11-04T06:54:55Z,AIC2630,"14.755756,77.010452",30000,473,321
1762239327,2025-11-04T06:55:27Z,AIC2630,"14.810394,76.965622",30550,473,321
1762239360,2025-11-04T06:56:00Z,AIC2630,"14.865759,76.920135",31075,473,321
1762239390,2025-11-04T06:56:30Z,AIC2630,"14.918518,76.87664",31500,476,321
1762239421,2025-11-04T06:57:01Z,AIC2630,"14.971945,76.832542",32150,474,321
1762239452,2025-11-04T06:57:32Z,AIC2630,"15.025014,76.788696",32675,473,321
1762239484,2025-11-04T06:58:04Z,AIC2630,"15.079062,76.744011",33125,474,321
1762239515,2025-11-04T06:58:35Z,AIC2630,"15.133202,76.699188",33800,468,321
1762239547,2025-11-04T06:59:07Z,AIC2630,"15.186813,76.654747",34275,468,321
1762239578,2025-11-04T06:59:38Z,AIC2630,"15.238503,76.611931",34750,467,321
1762239610,2025-11-04T07:00:10Z,AIC2630,"15.292457,76.567108",35175,467,321
1762239640,2025-11-04T07:00:40Z,AIC2630,"15.343048,76.525124",35525,467,321
1762239671,2025-11-04T07:01:11Z,AIC2630,"15.395416,76.481567",35875,470,321
1762239703,2025-11-04T07:01:43Z,AIC2630,"15.450531,76.435738",36300,470,321
1762239736,2025-11-04T07:02:16Z,AIC2630,"15.505829,76.389725",36725,468,321
1762239767,2025-11-04T07:02:47Z,AIC2630,"15.559799,76.344765",37000,472,321
1762239800,2025-11-04T07:03:20Z,AIC2630,"15.615064,76.298721",37375,471,320
1762239832,2025-11-04T07:03:52Z,AIC2630,"15.669436,76.253357",37725,472,321
1762239862,2025-11-04T07:04:22Z,AIC2630,"15.720703,76.210571",37950,473,321
1762239894,2025-11-04T07:04:54Z,AIC2630,"15.775064,76.165169",38000,471,320
1762239924,2025-11-04T07:05:24Z,AIC2630,"15.82576,76.122726",38000,469,320
1762239956,2025-11-04T07:05:56Z,AIC2630,"15.880737,76.07679",38000,467,321
1762239989,2025-11-04T07:06:29Z,AIC2630,"15.93544,76.031029",38000,468,321
1762240019,2025-11-04T07:06:59Z,AIC2630,"15.98616,75.988525",38000,470,321
1762240050,2025-11-04T07:07:30Z,AIC2630,"16.039215,75.944099",38000,470,321
1762240083,2025-11-04T07:08:03Z,AIC2630,"16.09446,75.89782",38025,471,320
1762240114,2025-11-04T07:08:34Z,AIC2630,"16.147062,75.853683",38025,471,320
1762240146,2025-11-04T07:09:06Z,AIC2630,"16.202133,75.807381",38025,472,320
1762240178,2025-11-04T07:09:38Z,AIC2630,"16.256414,75.761765",38000,472,320
1762240210,2025-11-04T07:10:10Z,AIC2630,"16.311066,75.715759",38000,472,320
1762240243,2025-11-04T07:10:43Z,AIC2630,"16.367065,75.668724",38000,473,320
1762240275,2025-11-04T07:11:15Z,AIC2630,"16.42256,75.621986",38000,474,320
1762240306,2025-11-04T07:11:46Z,AIC2630,"16.474277,75.578339",38000,474,320
1762240338,2025-11-04T07:12:18Z,AIC2630,"16.52916,75.531967",38000,474,320
1762240370,2025-11-04T07:12:50Z,AIC2630,"16.582792,75.485046",38000,475,317
1762240401,2025-11-04T07:13:21Z,AIC2630,"16.630926,75.433258",38025,474,311
1762240434,2025-11-04T07:13:54Z,AIC2630,"16.675369,75.375656",38025,473,308
1762240464,2025-11-04T07:14:24Z,AIC2630,"16.716909,75.320992",38000,473,308
1762240496,2025-11-04T07:14:56Z,AIC2630,"16.760202,75.263702",38025,472,308
1762240529,2025-11-04T07:15:29Z,AIC2630,"16.804733,75.204742",38000,472,308
1762240562,2025-11-04T07:16:02Z,AIC2630,"16.848267,75.147064",38000,470,308
1762240592,2025-11-04T07:16:32Z,AIC2630,"16.889465,75.092468",37975,470,308
1762240624,2025-11-04T07:17:04Z,AIC2630,"16.932449,75.03537",37975,470,307
1762240657,2025-11-04T07:17:37Z,AIC2630,"16.976624,74.976631",37975,470,307
1762240689,2025-11-04T07:18:09Z,AIC2630,"17.020058,74.918816",37975,470,307
1762240722,2025-11-04T07:18:42Z,AIC2630,"17.063782,74.860596",38000,470,307
1762240754,2025-11-04T07:19:14Z,AIC2630,"17.107389,74.802475",38000,470,307
1762240787,2025-11-04T07:19:47Z,AIC2630,"17.151054,74.744255",38000,470,308
1762240819,2025-11-04T07:20:19Z,AIC2630,"17.194519,74.686264",38025,470,308
1762240851,2025-11-04T07:20:51Z,AIC2630,"17.238052,74.628105",37700,467,307
1762240883,2025-11-04T07:21:23Z,AIC2630,"17.279709,74.572403",37200,462,307
1762240915,2025-11-04T07:21:55Z,AIC2630,"17.322968,74.51458",36675,468,307
1762240947,2025-11-04T07:22:27Z,AIC2630,"17.363985,74.459541",36175,468,307
1762240979,2025-11-04T07:22:59Z,AIC2630,"17.406555,74.402451",35675,467,307
1762241010,2025-11-04T07:23:30Z,AIC2630,"17.449219,74.345352",35150,466,307
1762241041,2025-11-04T07:24:01Z,AIC2630,"17.48963,74.291313",34675,467,307
1762241072,2025-11-04T07:24:32Z,AIC2630,"17.531294,74.235504",34175,466,307
1762241105,2025-11-04T07:25:05Z,AIC2630,"17.574783,74.177132",33650,467,307
1762241137,2025-11-04T07:25:37Z,AIC2630,"17.617996,74.119263",33125,470,307
1762241169,2025-11-04T07:26:09Z,AIC2630,"17.660202,74.062744",32325,469,307
1762241202,2025-11-04T07:26:42Z,AIC2630,"17.704559,74.002991",31750,466,307
1762241235,2025-11-04T07:27:15Z,AIC2630,"17.747622,73.945099",31250,463,307
1762241266,2025-11-04T07:27:46Z,AIC2630,"17.788216,73.890411",30775,461,307
1762241298,2025-11-04T07:28:18Z,AIC2630,"17.830673,73.833138",30250,455,307
1762241330,2025-11-04T07:28:50Z,AIC2630,"17.870361,73.779312",29700,429,307
1762241361,2025-11-04T07:29:21Z,AIC2630,"17.906597,73.730232",29175,408,307
1762241393,2025-11-04T07:29:53Z,AIC2630,"17.9431,73.68087",28725,387,307
1762241423,2025-11-04T07:30:23Z,AIC2630,"17.975693,73.63678",28300,368,307
1762241454,2025-11-04T07:30:54Z,AIC2630,"18.007151,73.594025",27950,360,307
1762241485,2025-11-04T07:31:25Z,AIC2630,"18.038387,73.551704",27575,363,307
1762241517,2025-11-04T07:31:57Z,AIC2630,"18.071718,73.506477",27125,364,307
1762241549,2025-11-04T07:32:29Z,AIC2630,"18.104279,73.462158",26675,353,307
1762241580,2025-11-04T07:33:00Z,AIC2630,"18.135361,73.419899",26300,348,307
1762241612,2025-11-04T07:33:32Z,AIC2630,"18.168045,73.37764",25875,347,314
1762241614,2025-11-04T07:33:34Z,AIC2630,"18.170641,73.375183",25825,347,317
1762241616,2025-11-04T07:33:36Z,AIC2630,"18.17308,73.373108",25800,347,319
1762241619,2025-11-04T07:33:39Z,AIC2630,"18.175623,73.371162",25775,347,322
1762241621,2025-11-04T07:33:41Z,AIC2630,"18.17894,73.36882",25725,346,324
1762241623,2025-11-04T07:33:43Z,AIC2630,"18.181686,73.367088",25700,346,327
1762241625,2025-11-04T07:33:45Z,AIC2630,"18.184282,73.365524",25675,345,330
1762241627,2025-11-04T07:33:47Z,AIC2630,"18.187912,73.363701",25650,344,333
1762241629,2025-11-04T07:33:49Z,AIC2630,"18.190659,73.36248",25625,343,336
1762241631,2025-11-04T07:33:51Z,AIC2630,"18.194338,73.361053",25575,343,338
1762241633,2025-11-04T07:33:53Z,AIC2630,"18.197479,73.359978",25550,342,341
1762241636,2025-11-04T07:33:56Z,AIC2630,"18.200546,73.359146",25525,342,344
1762241638,2025-11-04T07:33:58Z,AIC2630,"18.204252,73.358406",25475,342,346
1762241640,2025-11-04T07:34:00Z,AIC2630,"18.206766,73.35791",25475,341,350
1762241642,2025-11-04T07:34:02Z,AIC2630,"18.210909,73.35746",25425,341,353
1762241644,2025-11-04T07:34:04Z,AIC2630,"18.214142,73.357285",25400,340,354
1762241646,2025-11-04T07:34:06Z,AIC2630,"18.216915,73.357262",25375,340,358
1762241648,2025-11-04T07:34:08Z,AIC2630,"18.220127,73.357361",25350,340,1
1762241651,2025-11-04T07:34:11Z,AIC2630,"18.224121,73.357674",25325,340,4
1762241653,2025-11-04T07:34:13Z,AIC2630,"18.227343,73.358109",25300,339,8
1762241655,2025-11-04T07:34:15Z,AIC2630,"18.231113,73.358856",25275,340,10
1762241657,2025-11-04T07:34:17Z,AIC2630,"18.234695,73.359787",25250,339,13
1762241660,2025-11-04T07:34:20Z,AIC2630,"18.237816,73.36071",25225,339,15
1762241662,2025-11-04T07:34:22Z,AIC2630,"18.24168,73.362152",25200,338,18
1762241664,2025-11-04T07:34:24Z,AIC2630,"18.244537,73.363411",25200,338,21
1762241666,2025-11-04T07:34:26Z,AIC2630,"18.248152,73.36515",25175,338,24
1762241668,2025-11-04T07:34:28Z,AIC2630,"18.250944,73.366753",25150,338,27
1762241670,2025-11-04T07:34:30Z,AIC2630,"18.253645,73.368446",25125,338,30
1762241673,2025-11-04T07:34:33Z,AIC2630,"18.256485,73.370377",25100,340,32
1762241675,2025-11-04T07:34:35Z,AIC2630,"18.25909,73.372391",25075,339,35
1762241677,2025-11-04T07:34:37Z,AIC2630,"18.261652,73.374542",25075,339,37
1762241679,2025-11-04T07:34:39Z,AIC2630,"18.264351,73.377083",25050,340,40
1762241681,2025-11-04T07:34:41Z,AIC2630,"18.266586,73.379387",25025,340,44
1762241683,2025-11-04T07:34:43Z,AIC2630,"18.268661,73.38176",25025,340,47
1762241685,2025-11-04T07:34:45Z,AIC2630,"18.27059,73.384079",25000,339,49
1762241687,2025-11-04T07:34:47Z,AIC2630,"18.273102,73.387543",25000,340,52
1762241689,2025-11-04T07:34:49Z,AIC2630,"18.275011,73.390518",25000,340,54
1762241692,2025-11-04T07:34:52Z,AIC2630,"18.276901,73.393822",25000,341,57
1762241694,2025-11-04T07:34:54Z,AIC2630,"18.278366,73.396614",25000,342,61
1762241696,2025-11-04T07:34:56Z,AIC2630,"18.280151,73.40049",25000,342,63
1762241699,2025-11-04T07:34:59Z,AIC2630,"18.281387,73.403534",25000,343,66
1762241701,2025-11-04T07:35:01Z,AIC2630,"18.282532,73.40667",25000,343,68
1762241703,2025-11-04T07:35:03Z,AIC2630,"18.283585,73.410156",25000,344,71
1762241705,2025-11-04T07:35:05Z,AIC2630,"18.284546,73.414078",25000,344,73
1762241707,2025-11-04T07:35:07Z,AIC2630,"18.285233,73.417511",25000,346,76
1762241709,2025-11-04T07:35:09Z,AIC2630,"18.285719,73.420731",25000,347,80
1762241711,2025-11-04T07:35:11Z,AIC2630,"18.286102,73.424179",25000,347,82
1762241714,2025-11-04T07:35:14Z,AIC2630,"18.286371,73.428673",25000,348,85
1762241716,2025-11-04T07:35:16Z,AIC2630,"18.286423,73.431931",25000,349,89
1762241718,2025-11-04T07:35:18Z,AIC2630,"18.286278,73.435265",25000,349,91
1762241720,2025-11-04T07:35:20Z,AIC2630,"18.286011,73.438553",25000,349,93
1762241722,2025-11-04T07:35:22Z,AIC2630,"18.285416,73.442574",25000,350,97
1762241724,2025-11-04T07:35:24Z,AIC2630,"18.284834,73.445999",25000,350,99
1762241727,2025-11-04T07:35:27Z,AIC2630,"18.283905,73.450272",25000,351,102
1762241729,2025-11-04T07:35:29Z,AIC2630,"18.282972,73.453438",25000,351,104
1762241731,2025-11-04T07:35:31Z,AIC2630,"18.281902,73.456688",25000,352,107
1762241733,2025-11-04T07:35:33Z,AIC2630,"18.280655,73.459984",25000,352,111
1762241735,2025-11-04T07:35:35Z,AIC2630,"18.278969,73.463631",25000,353,114
1762241737,2025-11-04T07:35:37Z,AIC2630,"18.277805,73.466072",25000,352,115
1762241739,2025-11-04T07:35:39Z,AIC2630,"18.276123,73.469154",25000,353,119
1762241741,2025-11-04T07:35:41Z,AIC2630,"18.274246,73.472198",25000,353,122
1762241743,2025-11-04T07:35:43Z,AIC2630,"18.272125,73.475166",25000,353,124
1762241745,2025-11-04T07:35:45Z,AIC2630,"18.26976,73.478424",25025,354,127
1762241748,2025-11-04T07:35:48Z,AIC2630,"18.267654,73.481071",25025,354,128
1762241750,2025-11-04T07:35:50Z,AIC2630,"18.265003,73.484306",25025,355,131
1762241752,2025-11-04T07:35:52Z,AIC2630,"18.262396,73.487198",25025,355,132
1762241754,2025-11-04T07:35:54Z,AIC2630,"18.260115,73.489693",25000,355,133
1762241756,2025-11-04T07:35:56Z,AIC2630,"18.257833,73.491997",25000,356,135
1762241758,2025-11-04T07:35:58Z,AIC2630,"18.255413,73.494339",25000,355,136
1762241760,2025-11-04T07:36:00Z,AIC2630,"18.252947,73.496635",25000,356,137
1762241762,2025-11-04T07:36:02Z,AIC2630,"18.249756,73.499519",25000,355,139
1762241765,2025-11-04T07:36:05Z,AIC2630,"18.247284,73.501579",25000,355,140
1762241767,2025-11-04T07:36:07Z,AIC2630,"18.243916,73.50428",24975,356,141
1762241769,2025-11-04T07:36:09Z,AIC2630,"18.241121,73.506424",24950,357,143
1762241771,2025-11-04T07:36:11Z,AIC2630,"18.238449,73.508347",24925,357,145
1762241774,2025-11-04T07:36:14Z,AIC2630,"18.235245,73.510551",24900,357,146
1762241776,2025-11-04T07:36:16Z,AIC2630,"18.23172,73.512856",24875,357,147
1762241778,2025-11-04T07:36:18Z,AIC2630,"18.228836,73.514572",24850,357,149
1762241780,2025-11-04T07:36:20Z,AIC2630,"18.22562,73.516365",24800,358,150
1762241782,2025-11-04T07:36:22Z,AIC2630,"18.222176,73.518257",24775,358,152
1762241784,2025-11-04T07:36:24Z,AIC2630,"18.219223,73.519722",24750,358,154
1762241786,2025-11-04T07:36:26Z,AIC2630,"18.216263,73.521111",24725,358,155
1762241789,2025-11-04T07:36:29Z,AIC2630,"18.213181,73.522469",24700,359,156
1762241791,2025-11-04T07:36:31Z,AIC2630,"18.210026,73.523857",24650,359,157
1762241793,2025-11-04T07:36:33Z,AIC2630,"18.206022,73.525604",24625,358,157
1762241795,2025-11-04T07:36:35Z,AIC2630,"18.203018,73.526932",24600,359,157
1762241797,2025-11-04T07:36:37Z,AIC2630,"18.199997,73.528206",24575,359,157
1762241799,2025-11-04T07:36:39Z,AIC2630,"18.195919,73.529999",24525,359,157
1762241801,2025-11-04T07:36:41Z,AIC2630,"18.192568,73.531441",24500,359,157
1762241804,2025-11-04T07:36:44Z,AIC2630,"18.189697,73.532669",24475,359,157
1762241836,2025-11-04T07:37:16Z,AIC2630,"18.139343,73.554337",23975,350,157
1762241867,2025-11-04T07:37:47Z,AIC2630,"18.094669,73.573479",23525,342,157
1762241898,2025-11-04T07:38:18Z,AIC2630,"18.047562,73.591965",23075,339,166
1762241900,2025-11-04T07:38:20Z,AIC2630,"18.044485,73.59256",23025,340,169
1762241902,2025-11-04T07:38:22Z,AIC2630,"18.041428,73.592979",23000,339,171
1762241904,2025-11-04T07:38:24Z,AIC2630,"18.038269,73.593315",22975,340,174
1762241906,2025-11-04T07:38:26Z,AIC2630,"18.035175,73.593437",22925,339,176
1762241908,2025-11-04T07:38:28Z,AIC2630,"18.031906,73.593506",22900,340,179
1762241911,2025-11-04T07:38:31Z,AIC2630,"18.028198,73.593361",22850,340,181
1762241913,2025-11-04T07:38:33Z,AIC2630,"18.024353,73.592934",22825,340,185
1762241915,2025-11-04T07:38:35Z,AIC2630,"18.02124,73.592445",22775,340,188
1762241917,2025-11-04T07:38:37Z,AIC2630,"18.017166,73.591629",22750,341,190
1762241920,2025-11-04T07:38:40Z,AIC2630,"18.014179,73.590843",22725,342,193
1762241922,2025-11-04T07:38:42Z,AIC2630,"18.010828,73.58976",22675,341,196
1762241924,2025-11-04T07:38:44Z,AIC2630,"18.007278,73.588356",22650,342,200
1762241926,2025-11-04T07:38:46Z,AIC2630,"18.004349,73.587051",22625,341,202
1762241929,2025-11-04T07:38:49Z,AIC2630,"18.00119,73.585464",22575,342,205
1762241931,2025-11-04T07:38:51Z,AIC2630,"17.998398,73.58387",22550,342,208
1762241933,2025-11-04T07:38:53Z,AIC2630,"17.99556,73.582092",22525,343,210
1762241935,2025-11-04T07:38:55Z,AIC2630,"17.991989,73.579536",22475,342,213
1762241937,2025-11-04T07:38:57Z,AIC2630,"17.989414,73.577454",22450,343,215
1762241939,2025-11-04T07:38:59Z,AIC2630,"17.987,73.575294",22425,342,219
1762241941,2025-11-04T07:39:01Z,AIC2630,"17.984665,73.573082",22375,342,222
1762241944,2025-11-04T07:39:04Z,AIC2630,"17.981827,73.570045",22350,342,225
1762241946,2025-11-04T07:39:06Z,AIC2630,"17.980087,73.568016",22325,341,227
1762241948,2025-11-04T07:39:08Z,AIC2630,"17.977341,73.564407",22275,340,231
1762241951,2025-11-04T07:39:11Z,AIC2630,"17.975029,73.560974",22225,340,233
1762241953,2025-11-04T07:39:13Z,AIC2630,"17.973267,73.558144",22200,339,236
1762241955,2025-11-04T07:39:15Z,AIC2630,"17.971445,73.554642",22175,339,238
1762241957,2025-11-04T07:39:17Z,AIC2630,"17.970282,73.552292",22150,338,242
1762241959,2025-11-04T07:39:19Z,AIC2630,"17.968977,73.549202",22100,338,245
1762241962,2025-11-04T07:39:22Z,AIC2630,"17.967302,73.54464",22075,336,248
1762241964,2025-11-04T07:39:24Z,AIC2630,"17.966309,73.541664",22025,334,251
1762241966,2025-11-04T07:39:26Z,AIC2630,"17.965485,73.538383",22000,333,254
1762241968,2025-11-04T07:39:28Z,AIC2630,"17.964788,73.535172",21975,333,256
1762241971,2025-11-04T07:39:31Z,AIC2630,"17.964111,73.531303",21925,332,259
1762241973,2025-11-04T07:39:33Z,AIC2630,"17.963654,73.527161",21900,330,261
1762241975,2025-11-04T07:39:35Z,AIC2630,"17.963438,73.524086",21850,329,265
1762241977,2025-11-04T07:39:37Z,AIC2630,"17.963333,73.520988",21825,328,267
1762241979,2025-11-04T07:39:39Z,AIC2630,"17.963287,73.517952",21800,327,270
1762241981,2025-11-04T07:39:41Z,AIC2630,"17.963562,73.514053",21750,326,272
1762241983,2025-11-04T07:39:43Z,AIC2630,"17.96381,73.511627",21725,325,274
1762241985,2025-11-04T07:39:45Z,AIC2630,"17.964369,73.507561",21700,323,277
1762241988,2025-11-04T07:39:48Z,AIC2630,"17.965115,73.503883",21675,322,279
1762241990,2025-11-04T07:39:50Z,AIC2630,"17.965813,73.500893",21650,322,282
1762241992,2025-11-04T07:39:52Z,AIC2630,"17.96665,73.497894",21625,320,285
1762241994,2025-11-04T07:39:54Z,AIC2630,"17.967545,73.494972",21600,320,288
1762241996,2025-11-04T07:39:56Z,AIC2630,"17.968735,73.491982",21575,318,290
1762241998,2025-11-04T07:39:58Z,AIC2630,"17.970001,73.488922",21525,318,293
1762242001,2025-11-04T07:40:01Z,AIC2630,"17.971619,73.485527",21500,317,295
1762242003,2025-11-04T07:40:03Z,AIC2630,"17.972946,73.482971",21475,316,297
1762242005,2025-11-04T07:40:05Z,AIC2630,"17.974936,73.479652",21450,315,300
1762242007,2025-11-04T07:40:07Z,AIC2630,"17.976425,73.477287",21425,315,302
1762242009,2025-11-04T07:40:09Z,AIC2630,"17.978148,73.474892",21400,314,304
1762242011,2025-11-04T07:40:11Z,AIC2630,"17.979963,73.472488",21350,314,307
1762242013,2025-11-04T07:40:13Z,AIC2630,"17.982193,73.469963",21325,313,310
1762242015,2025-11-04T07:40:15Z,AIC2630,"17.984247,73.467682",21300,313,313
1762242018,2025-11-04T07:40:18Z,AIC2630,"17.987045,73.464905",21275,312,315
1762242020,2025-11-04T07:40:20Z,AIC2630,"17.989059,73.46312",21250,312,319
1762242022,2025-11-04T07:40:22Z,AIC2630,"17.991276,73.461258",21225,313,321
1762242024,2025-11-04T07:40:24Z,AIC2630,"17.993883,73.459297",21200,312,323
1762242026,2025-11-04T07:40:26Z,AIC2630,"17.997002,73.457237",21150,312,326
1762242028,2025-11-04T07:40:28Z,AIC2630,"17.999954,73.455406",21125,313,329
1762242031,2025-11-04T07:40:31Z,AIC2630,"18.003204,73.453674",21100,313,332
1762242033,2025-11-04T07:40:33Z,AIC2630,"18.005939,73.452385",21075,313,333
1762242035,2025-11-04T07:40:35Z,AIC2630,"18.00864,73.451157",21050,315,336
1762242037,2025-11-04T07:40:37Z,AIC2630,"18.011948,73.449677",21000,315,336
1762242039,2025-11-04T07:40:39Z,AIC2630,"18.01432,73.448608",20975,315,337
1762242042,2025-11-04T07:40:42Z,AIC2630,"18.017159,73.44738",20950,316,337
1762242044,2025-11-04T07:40:44Z,AIC2630,"18.019913,73.446159",20925,316,337
1762242046,2025-11-04T07:40:46Z,AIC2630,"18.022699,73.444977",20900,316,337
1762242048,2025-11-04T07:40:48Z,AIC2630,"18.02536,73.443848",20875,317,337
1762242050,2025-11-04T07:40:50Z,AIC2630,"18.028843,73.442329",20825,316,337
1762242052,2025-11-04T07:40:52Z,AIC2630,"18.031544,73.441154",20800,317,337
1762242054,2025-11-04T07:40:54Z,AIC2630,"18.034195,73.439987",20775,317,337
1762242056,2025-11-04T07:40:56Z,AIC2630,"18.037216,73.43869",20750,317,337
1762242088,2025-11-04T07:41:28Z,AIC2630,"18.080982,73.419769",20250,319,337
1762242120,2025-11-04T07:42:00Z,AIC2630,"18.124601,73.400887",19750,317,337
1762242153,2025-11-04T07:42:33Z,AIC2630,"18.169235,73.381683",19275,316,337
1762242185,2025-11-04T07:43:05Z,AIC2630,"18.212259,73.362457",18775,312,336
1762242217,2025-11-04T07:43:37Z,AIC2630,"18.253738,73.343727",18325,308,336
1762242249,2025-11-04T07:44:09Z,AIC2630,"18.296473,73.3246",17850,307,336
1762242279,2025-11-04T07:44:39Z,AIC2630,"18.336227,73.306915",17375,304,336
1762242312,2025-11-04T07:45:12Z,AIC2630,"18.377985,73.288094",17000,300,336
1762242343,2025-11-04T07:45:43Z,AIC2630,"18.417389,73.270424",17000,303,336
1762242375,2025-11-04T07:46:15Z,AIC2630,"18.457764,73.252419",17000,283,337
1762242407,2025-11-04T07:46:47Z,AIC2630,"18.496927,73.234917",17000,282,336
1762242440,2025-11-04T07:47:20Z,AIC2630,"18.535995,73.217308",17000,282,336
1762242473,2025-11-04T07:47:53Z,AIC2630,"18.575693,73.199554",16900,279,337
1762242506,2025-11-04T07:48:26Z,AIC2630,"18.614822,73.181946",16275,275,336
1762242516,2025-11-04T07:48:36Z,AIC2630,"18.626947,73.177635",16050,275,347
1762242518,2025-11-04T07:48:38Z,AIC2630,"18.63002,73.177132",15975,276,350
1762242520,2025-11-04T07:48:40Z,AIC2630,"18.633041,73.176842",15925,275,354
1762242522,2025-11-04T07:48:42Z,AIC2630,"18.635605,73.176796",15900,275,357
1762242525,2025-11-04T07:48:45Z,AIC2630,"18.637939,73.176941",15850,276,1
1762242527,2025-11-04T07:48:47Z,AIC2630,"18.640541,73.177185",15800,276,4
1762242529,2025-11-04T07:48:49Z,AIC2630,"18.643936,73.177826",15750,277,8
1762242531,2025-11-04T07:48:51Z,AIC2630,"18.646225,73.17836",15700,277,12
1762242533,2025-11-04T07:48:53Z,AIC2630,"18.64864,73.179184",15675,278,17
1762242535,2025-11-04T07:48:55Z,AIC2630,"18.651293,73.180283",15625,279,20
1762242538,2025-11-04T07:48:58Z,AIC2630,"18.654274,73.181732",15550,280,24
1762242540,2025-11-04T07:49:00Z,AIC2630,"18.656982,73.183266",15500,280,28
1762242542,2025-11-04T07:49:02Z,AIC2630,"18.659208,73.184875",15450,281,31
1762242544,2025-11-04T07:49:04Z,AIC2630,"18.661209,73.186371",15425,283,36
1762242546,2025-11-04T07:49:06Z,AIC2630,"18.663391,73.188316",15375,284,40
1762242548,2025-11-04T07:49:08Z,AIC2630,"18.66568,73.19062",15300,285,43
1762242550,2025-11-04T07:49:10Z,AIC2630,"18.667786,73.192932",15275,286,45
1762242553,2025-11-04T07:49:13Z,AIC2630,"18.669542,73.195061",15225,285,47
1762242555,2025-11-04T07:49:15Z,AIC2630,"18.67131,73.197243",15200,285,49
1762242557,2025-11-04T07:49:17Z,AIC2630,"18.673033,73.199455",15150,285,50
1762242559,2025-11-04T07:49:19Z,AIC2630,"18.675081,73.202156",15100,284,51
1762242561,2025-11-04T07:49:21Z,AIC2630,"18.676712,73.204407",15075,284,52
1762242563,2025-11-04T07:49:23Z,AIC2630,"18.678293,73.206551",15025,284,52
1762242565,2025-11-04T07:49:25Z,AIC2630,"18.679876,73.208748",14975,283,52
1762242567,2025-11-04T07:49:27Z,AIC2630,"18.681646,73.211189",14950,284,52
1762242570,2025-11-04T07:49:30Z,AIC2630,"18.683229,73.213387",14900,284,53
1762242572,2025-11-04T07:49:32Z,AIC2630,"18.684904,73.215736",14850,283,53
1762242574,2025-11-04T07:49:34Z,AIC2630,"18.686998,73.218681",14800,283,53
1762242576,2025-11-04T07:49:36Z,AIC2630,"18.688614,73.220985",14750,283,53
1762242578,2025-11-04T07:49:38Z,AIC2630,"18.690165,73.223129",14700,283,53
1762242609,2025-11-04T07:50:09Z,AIC2630,"18.714935,73.25679",13650,286,51
1762242638,2025-11-04T07:50:38Z,AIC2630,"18.740814,73.287544",12875,288,40
1762242641,2025-11-04T07:50:41Z,AIC2630,"18.743422,73.289543",12875,288,35
1762242643,2025-11-04T07:50:43Z,AIC2630,"18.746214,73.29129",12900,288,31
1762242645,2025-11-04T07:50:45Z,AIC2630,"18.748447,73.292542",12875,288,28
1762242647,2025-11-04T07:50:47Z,AIC2630,"18.750776,73.29364",12900,288,25
1762242649,2025-11-04T07:50:49Z,AIC2630,"18.753799,73.294945",12875,287,22
1762242652,2025-11-04T07:50:52Z,AIC2630,"18.756317,73.295776",12900,285,19
1762242654,2025-11-04T07:50:54Z,AIC2630,"18.759295,73.296638",12875,284,15
1762242656,2025-11-04T07:50:56Z,AIC2630,"18.761948,73.297188",12875,280,10
1762242658,2025-11-04T07:50:58Z,AIC2630,"18.764603,73.297546",12875,278,7
1762242660,2025-11-04T07:51:00Z,AIC2630,"18.767624,73.297691",12875,275,3
1762242662,2025-11-04T07:51:02Z,AIC2630,"18.770142,73.297691",12850,272,2
1762242665,2025-11-04T07:51:05Z,AIC2630,"18.773346,73.297447",12850,269,356
1762242667,2025-11-04T07:51:07Z,AIC2630,"18.775726,73.297104",12875,265,353
1762242669,2025-11-04T07:51:09Z,AIC2630,"18.777832,73.296562",12850,261,347
1762242671,2025-11-04T07:51:11Z,AIC2630,"18.780807,73.295631",12875,258,343
1762242673,2025-11-04T07:51:13Z,AIC2630,"18.782944,73.294792",12875,254,340
1762242675,2025-11-04T07:51:15Z,AIC2630,"18.785065,73.29377",12875,252,336
1762242677,2025-11-04T07:51:17Z,AIC2630,"18.786947,73.292694",12875,249,332
1762242680,2025-11-04T07:51:20Z,AIC2630,"18.789185,73.291214",12900,246,328
1762242682,2025-11-04T07:51:22Z,AIC2630,"18.790997,73.289742",12900,243,324
1762242684,2025-11-04T07:51:24Z,AIC2630,"18.79303,73.287781",12925,238,318
1762242686,2025-11-04T07:51:26Z,AIC2630,"18.794266,73.286461",12950,235,314
1762242688,2025-11-04T07:51:28Z,AIC2630,"18.795698,73.284698",12975,234,312
1762242690,2025-11-04T07:51:30Z,AIC2630,"18.797195,73.28244",12975,233,308
1762242692,2025-11-04T07:51:32Z,AIC2630,"18.798212,73.280655",13000,231,302
1762242694,2025-11-04T07:51:34Z,AIC2630,"18.799284,73.278511",13000,232,298
1762242697,2025-11-04T07:51:37Z,AIC2630,"18.800167,73.276215",13000,230,294
1762242699,2025-11-04T07:51:39Z,AIC2630,"18.800995,73.273613",13000,229,290
1762242701,2025-11-04T07:51:41Z,AIC2630,"18.801472,73.271515",13025,228,285
1762242703,2025-11-04T07:51:43Z,AIC2630,"18.801798,73.269569",13025,228,281
1762242705,2025-11-04T07:51:45Z,AIC2630,"18.802185,73.266647",13025,227,279
1762242707,2025-11-04T07:51:47Z,AIC2630,"18.802414,73.264587",13000,226,277
1762242709,2025-11-04T07:51:49Z,AIC2630,"18.802635,73.262329",12975,227,276
1762242711,2025-11-04T07:51:51Z,AIC2630,"18.802826,73.260071",12975,226,275
1762242713,2025-11-04T07:51:53Z,AIC2630,"18.803009,73.257866",12950,226,274
1762242716,2025-11-04T07:51:56Z,AIC2630,"18.803146,73.255318",12925,226,274
1762242718,2025-11-04T07:51:58Z,AIC2630,"18.803288,73.252937",12900,226,273
1762242720,2025-11-04T07:52:00Z,AIC2630,"18.803467,73.250267",12875,225,273
1762242722,2025-11-04T07:52:02Z,AIC2630,"18.803566,73.248047",12850,225,273
1762242724,2025-11-04T07:52:04Z,AIC2630,"18.803659,73.246246",12825,225,273
1762242726,2025-11-04T07:52:06Z,AIC2630,"18.803787,73.244034",12800,225,273
1762242728,2025-11-04T07:52:08Z,AIC2630,"18.80397,73.241287",12775,225,273
1762242730,2025-11-04T07:52:10Z,AIC2630,"18.804079,73.239159",12775,225,273
1762242762,2025-11-04T07:52:42Z,AIC2630,"18.80603,73.204308",12375,225,273
1762242794,2025-11-04T07:53:14Z,AIC2630,"18.807337,73.169395",11900,224,272
1762242806,2025-11-04T07:53:26Z,AIC2630,"18.807848,73.155762",11675,221,271
1762242819,2025-11-04T07:53:39Z,AIC2630,"18.80809,73.142067",11500,223,271
1762242834,2025-11-04T07:53:54Z,AIC2630,"18.808407,73.126152",11300,224,271
1762242846,2025-11-04T07:54:06Z,AIC2630,"18.808685,73.112053",11075,223,271
1762242859,2025-11-04T07:54:19Z,AIC2630,"18.808872,73.098434",11025,220,270
1762242872,2025-11-04T07:54:32Z,AIC2630,"18.809555,73.084587",11000,215,276
1762242875,2025-11-04T07:54:35Z,AIC2630,"18.810059,73.081985",11000,214,280
1762242877,2025-11-04T07:54:37Z,AIC2630,"18.810654,73.079979",11000,214,286
1762242879,2025-11-04T07:54:39Z,AIC2630,"18.811619,73.077461",11000,214,288
1762242881,2025-11-04T07:54:41Z,AIC2630,"18.812551,73.075615",11000,216,292
1762242883,2025-11-04T07:54:43Z,AIC2630,"18.813622,73.073761",11000,216,299
1762242885,2025-11-04T07:54:45Z,AIC2630,"18.815002,73.071739",11000,217,304
1762242888,2025-11-04T07:54:48Z,AIC2630,"18.816414,73.069969",11000,217,308
1762242890,2025-11-04T07:54:50Z,AIC2630,"18.817886,73.068398",11000,217,312
1762242892,2025-11-04T07:54:52Z,AIC2630,"18.819534,73.066933",11000,218,317
1762242894,2025-11-04T07:54:54Z,AIC2630,"18.821365,73.065605",11000,219,321
1762242896,2025-11-04T07:54:56Z,AIC2630,"18.822931,73.064476",11000,220,327
1762242898,2025-11-04T07:54:58Z,AIC2630,"18.825348,73.063248",11000,222,331
1762242900,2025-11-04T07:55:00Z,AIC2630,"18.827179,73.062416",11000,222,335
1762242902,2025-11-04T07:55:02Z,AIC2630,"18.829468,73.061584",11000,223,340
1762242904,2025-11-04T07:55:04Z,AIC2630,"18.831545,73.061081",11000,224,344
1762242907,2025-11-04T07:55:07Z,AIC2630,"18.833546,73.06073",11000,225,348
1762242909,2025-11-04T07:55:09Z,AIC2630,"18.836151,73.060501",11000,226,353
1762242911,2025-11-04T07:55:11Z,AIC2630,"18.838387,73.060478",11000,229,359
1762242913,2025-11-04T07:55:13Z,AIC2630,"18.840528,73.060631",11000,230,3
1762242915,2025-11-04T07:55:15Z,AIC2630,"18.843155,73.060997",11000,231,7
1762242917,2025-11-04T07:55:17Z,AIC2630,"18.844719,73.061378",11000,233,11
1762242919,2025-11-04T07:55:19Z,AIC2630,"18.846952,73.062027",11000,235,15
1762242922,2025-11-04T07:55:22Z,AIC2630,"18.850113,73.063301",11000,237,19
1762242924,2025-11-04T07:55:24Z,AIC2630,"18.851887,73.064125",11000,239,23
1762242926,2025-11-04T07:55:26Z,AIC2630,"18.853867,73.065308",11000,241,29
1762242928,2025-11-04T07:55:28Z,AIC2630,"18.856201,73.067024",11000,243,33
1762242930,2025-11-04T07:55:30Z,AIC2630,"18.858124,73.068596",11000,245,37
1762242933,2025-11-04T07:55:33Z,AIC2630,"18.860081,73.070518",11000,246,41
1762242935,2025-11-04T07:55:35Z,AIC2630,"18.86157,73.072166",11000,248,45
1762242937,2025-11-04T07:55:37Z,AIC2630,"18.86306,73.074066",11000,249,49
1762242939,2025-11-04T07:55:39Z,AIC2630,"18.864441,73.076103",11000,250,54
1762242941,2025-11-04T07:55:41Z,AIC2630,"18.865952,73.07885",11000,251,58
1762242943,2025-11-04T07:55:43Z,AIC2630,"18.866959,73.081009",11000,251,62
1762242945,2025-11-04T07:55:45Z,AIC2630,"18.867874,73.08326",11000,250,66
1762242947,2025-11-04T07:55:47Z,AIC2630,"18.868553,73.085396",11000,248,70
1762242950,2025-11-04T07:55:50Z,AIC2630,"18.869339,73.088509",11000,248,73
1762242952,2025-11-04T07:55:52Z,AIC2630,"18.869623,73.090446",11000,246,79
1762242954,2025-11-04T07:55:54Z,AIC2630,"18.86998,73.093369",11000,246,80
1762242956,2025-11-04T07:55:56Z,AIC2630,"18.870182,73.095833",11000,245,83
1762242958,2025-11-04T07:55:58Z,AIC2630,"18.870369,73.097984",11000,244,85
1762242960,2025-11-04T07:56:00Z,AIC2630,"18.870483,73.10038",11000,244,86
1762242962,2025-11-04T07:56:02Z,AIC2630,"18.870602,73.10273",11000,243,87
1762242965,2025-11-04T07:56:05Z,AIC2630,"18.870667,73.105728",11000,244,87
1762242967,2025-11-04T07:56:07Z,AIC2630,"18.870712,73.108131",11000,243,88
1762242969,2025-11-04T07:56:09Z,AIC2630,"18.870787,73.110664",11000,244,88
1762242971,2025-11-04T07:56:11Z,AIC2630,"18.870834,73.113411",10975,244,88
1762242973,2025-11-04T07:56:13Z,AIC2630,"18.870895,73.115875",10950,245,89
1762242975,2025-11-04T07:56:15Z,AIC2630,"18.870895,73.118279",10925,246,89
1762242977,2025-11-04T07:56:17Z,AIC2630,"18.870941,73.120682",10900,246,89
1762242979,2025-11-04T07:56:19Z,AIC2630,"18.870987,73.123085",10875,246,89
1762242981,2025-11-04T07:56:21Z,AIC2630,"18.870987,73.125732",10850,246,89
1762242994,2025-11-04T07:56:34Z,AIC2630,"18.871216,73.140747",10675,243,89
1762243009,2025-11-04T07:56:49Z,AIC2630,"18.871578,73.158859",10475,242,88
1762243024,2025-11-04T07:57:04Z,AIC2630,"18.87204,73.176109",10275,242,87
1762243037,2025-11-04T07:57:17Z,AIC2630,"18.872602,73.190918",10125,239,87
1762243049,2025-11-04T07:57:29Z,AIC2630,"18.873047,73.205482",9950,238,88
1762243062,2025-11-04T07:57:42Z,AIC2630,"18.873459,73.220642",9775,237,88
1762243077,2025-11-04T07:57:57Z,AIC2630,"18.874001,73.23761",9600,238,87
1762243090,2025-11-04T07:58:10Z,AIC2630,"18.874466,73.252716",9400,236,88
1762243103,2025-11-04T07:58:23Z,AIC2630,"18.874969,73.267624",9225,234,88
1762243116,2025-11-04T07:58:36Z,AIC2630,"18.875349,73.2826",9050,231,89
1762243131,2025-11-04T07:58:51Z,AIC2630,"18.875582,73.299286",9000,230,88
1762243144,2025-11-04T07:59:04Z,AIC2630,"18.875885,73.313385",9000,231,88
1762243156,2025-11-04T07:59:16Z,AIC2630,"18.876205,73.328102",9000,233,88
1762243167,2025-11-04T07:59:27Z,AIC2630,"18.877533,73.339821",9000,236,78
1762243169,2025-11-04T07:59:29Z,AIC2630,"18.878448,73.342567",9000,236,74
1762243171,2025-11-04T07:59:31Z,AIC2630,"18.879259,73.344673",9000,237,68
1762243173,2025-11-04T07:59:33Z,AIC2630,"18.880238,73.346725",9000,236,64
1762243176,2025-11-04T07:59:36Z,AIC2630,"18.881634,73.349373",9000,237,61
1762243178,2025-11-04T07:59:38Z,AIC2630,"18.882845,73.351265",9000,236,58
1762243180,2025-11-04T07:59:40Z,AIC2630,"18.884008,73.352966",9000,236,55
1762243182,2025-11-04T07:59:42Z,AIC2630,"18.885685,73.355316",9000,237,54
1762243184,2025-11-04T07:59:44Z,AIC2630,"18.887033,73.357109",9000,237,52
1762243186,2025-11-04T07:59:46Z,AIC2630,"18.888474,73.359047",9000,236,51
1762243188,2025-11-04T07:59:48Z,AIC2630,"18.890076,73.36116",8975,236,51
1762243191,2025-11-04T07:59:51Z,AIC2630,"18.891737,73.363251",8950,236,50
1762243193,2025-11-04T07:59:53Z,AIC2630,"18.893143,73.365082",8900,237,50
1762243195,2025-11-04T07:59:55Z,AIC2630,"18.894653,73.366898",8875,236,49
1762243197,2025-11-04T07:59:57Z,AIC2630,"18.896112,73.368744",8850,236,49
1762243199,2025-11-04T07:59:59Z,AIC2630,"18.897881,73.370941",8825,236,49
1762243201,2025-11-04T08:00:01Z,AIC2630,"18.899277,73.372688",8800,235,49
1762243204,2025-11-04T08:00:04Z,AIC2630,"18.900558,73.374298",8775,234,49
1762243206,2025-11-04T08:00:06Z,AIC2630,"18.902071,73.376137",8750,234,49
1762243218,2025-11-04T08:00:18Z,AIC2630,"18.911087,73.387398",8575,232,50
1762243231,2025-11-04T08:00:31Z,AIC2630,"18.919739,73.39843",8400,232,50
1762243244,2025-11-04T08:00:44Z,AIC2630,"18.928711,73.409958",8225,230,50
1762243257,2025-11-04T08:00:57Z,AIC2630,"18.937408,73.421242",8075,231,51
1762243270,2025-11-04T08:01:10Z,AIC2630,"18.946901,73.431915",8000,229,39
1762243272,2025-11-04T08:01:12Z,AIC2630,"18.948578,73.433159",8000,228,35
1762243274,2025-11-04T08:01:14Z,AIC2630,"18.9505,73.43438",8000,228,31
1762243276,2025-11-04T08:01:16Z,AIC2630,"18.952534,73.435463",8000,228,27
1762243278,2025-11-04T08:01:18Z,AIC2630,"18.954437,73.436295",8000,227,23
1762243281,2025-11-04T08:01:21Z,AIC2630,"18.956398,73.436958",8000,228,19
1762243283,2025-11-04T08:01:23Z,AIC2630,"18.958923,73.437668",8000,228,15
1762243285,2025-11-04T08:01:25Z,AIC2630,"18.960983,73.438065",8000,227,10
1762243287,2025-11-04T08:01:27Z,AIC2630,"18.962914,73.438362",8000,227,8
1762243289,2025-11-04T08:01:29Z,AIC2630,"18.965521,73.43866",8000,226,7
1762243291,2025-11-04T08:01:31Z,AIC2630,"18.967438,73.438843",8000,226,5
1762243293,2025-11-04T08:01:33Z,AIC2630,"18.969406,73.439041",8000,225,4
1762243295,2025-11-04T08:01:35Z,AIC2630,"18.972153,73.43924",8000,224,3
1762243298,2025-11-04T08:01:38Z,AIC2630,"18.97418,73.439362",7975,225,3
1762243300,2025-11-04T08:01:40Z,AIC2630,"18.976274,73.439461",7950,225,2
1762243302,2025-11-04T08:01:42Z,AIC2630,"18.978975,73.439606",7900,226,2
1762243304,2025-11-04T08:01:44Z,AIC2630,"18.98107,73.439659",7875,226,2
1762243306,2025-11-04T08:01:46Z,AIC2630,"18.983164,73.439758",7850,225,2
1762243308,2025-11-04T08:01:48Z,AIC2630,"18.985678,73.439857",7800,225,2
1762243311,2025-11-04T08:01:51Z,AIC2630,"18.988192,73.439957",7775,224,2
1762243313,2025-11-04T08:01:53Z,AIC2630,"18.989777,73.440025",7750,224,2
1762243326,2025-11-04T08:02:06Z,AIC2630,"19.003601,73.440613",7550,221,2
1762243339,2025-11-04T08:02:19Z,AIC2630,"19.016729,73.441254",7375,219,2
1762243352,2025-11-04T08:02:32Z,AIC2630,"19.030321,73.441956",7200,218,2
1762243365,2025-11-04T08:02:45Z,AIC2630,"19.043589,73.442558",7050,221,2
1762243380,2025-11-04T08:03:00Z,AIC2630,"19.05899,73.443306",6875,220,2
1762243393,2025-11-04T08:03:13Z,AIC2630,"19.072033,73.443855",6700,216,1
1762243399,2025-11-04T08:03:19Z,AIC2630,"19.078308,73.443016",6625,212,349
1762243401,2025-11-04T08:03:21Z,AIC2630,"19.080276,73.442375",6600,211,344
1762243403,2025-11-04T08:03:23Z,AIC2630,"19.08165,73.441742",6575,209,339
1762243405,2025-11-04T08:03:25Z,AIC2630,"19.083435,73.440758",6550,207,333
1762243408,2025-11-04T08:03:28Z,AIC2630,"19.0853,73.439407",6525,206,327
1762243410,2025-11-04T08:03:30Z,AIC2630,"19.086639,73.43811",6500,201,318
1762243412,2025-11-04T08:03:32Z,AIC2630,"19.088047,73.436409",6475,198,312
1762243414,2025-11-04T08:03:34Z,AIC2630,"19.089071,73.434967",6450,196,307
1762243416,2025-11-04T08:03:36Z,AIC2630,"19.09021,73.433006",6425,194,302
1762243418,2025-11-04T08:03:38Z,AIC2630,"19.091034,73.431389",6425,192,298
1762243421,2025-11-04T08:03:41Z,AIC2630,"19.091724,73.429718",6400,191,295
1762243423,2025-11-04T08:03:43Z,AIC2630,"19.092377,73.427971",6375,191,292
1762243425,2025-11-04T08:03:45Z,AIC2630,"19.092888,73.426224",6350,192,289
1762243427,2025-11-04T08:03:47Z,AIC2630,"19.09346,73.423988",6325,190,286
1762243429,2025-11-04T08:03:49Z,AIC2630,"19.093826,73.422173",6300,190,283
1762243431,2025-11-04T08:03:51Z,AIC2630,"19.094147,73.420258",6275,191,280
1762243433,2025-11-04T08:03:53Z,AIC2630,"19.094421,73.417953",6250,190,278
1762243435,2025-11-04T08:03:55Z,AIC2630,"19.094559,73.416283",6225,190,276
1762243437,2025-11-04T08:03:57Z,AIC2630,"19.094742,73.413979",6200,189,274
1762243440,2025-11-04T08:04:00Z,AIC2630,"19.094833,73.412163",6175,189,273
1762243442,2025-11-04T08:04:02Z,AIC2630,"19.094891,73.410194",6150,188,272
1762243444,2025-11-04T08:04:04Z,AIC2630,"19.094936,73.408096",6100,187,271
1762243446,2025-11-04T08:04:06Z,AIC2630,"19.094971,73.406326",6075,186,271
1762243448,2025-11-04T08:04:08Z,AIC2630,"19.09503,73.404106",6050,186,271
1762243450,2025-11-04T08:04:10Z,AIC2630,"19.095062,73.402702",6050,186,271
1762243452,2025-11-04T08:04:12Z,AIC2630,"19.095108,73.400299",6025,187,271
1762243455,2025-11-04T08:04:15Z,AIC2630,"19.095123,73.39846",6000,187,270
1762243457,2025-11-04T08:04:17Z,AIC2630,"19.095154,73.396667",5975,188,270
1762243459,2025-11-04T08:04:19Z,AIC2630,"19.095169,73.394516",5950,187,270
1762243461,2025-11-04T08:04:21Z,AIC2630,"19.095154,73.392548",5925,187,270
1762243474,2025-11-04T08:04:34Z,AIC2630,"19.095154,73.381119",5825,190,269
1762243487,2025-11-04T08:04:47Z,AIC2630,"19.094936,73.3685",5675,190,269
1762243500,2025-11-04T08:05:00Z,AIC2630,"19.094797,73.356659",5525,189,269
1762243513,2025-11-04T08:05:13Z,AIC2630,"19.094696,73.344185",5400,190,269
1762243526,2025-11-04T08:05:26Z,AIC2630,"19.094513,73.332565",5300,194,268
1762243541,2025-11-04T08:05:41Z,AIC2630,"19.09433,73.318047",5100,197,270
1762243550,2025-11-04T08:05:50Z,AIC2630,"19.094284,73.309753",5000,192,269
1762243552,2025-11-04T08:05:52Z,AIC2630,"19.094238,73.307404",5000,191,269
1762243554,2025-11-04T08:05:54Z,AIC2630,"19.094238,73.305634",4975,190,269
1762243563,2025-11-04T08:06:03Z,AIC2630,"19.094145,73.297836",4900,188,269
1762243569,2025-11-04T08:06:09Z,AIC2630,"19.094101,73.291855",4875,187,269
1762243578,2025-11-04T08:06:18Z,AIC2630,"19.094006,73.283806",4800,187,269
1762243584,2025-11-04T08:06:24Z,AIC2630,"19.094009,73.278267",4750,187,269
1762243592,2025-11-04T08:06:32Z,AIC2630,"19.093964,73.270271",4700,188,269
1762243599,2025-11-04T08:06:39Z,AIC2630,"19.093912,73.264427",4625,189,269
1762243606,2025-11-04T08:06:46Z,AIC2630,"19.093866,73.25843",4575,187,269
1762243614,2025-11-04T08:06:54Z,AIC2630,"19.093781,73.250214",4500,186,269
1762243621,2025-11-04T08:07:01Z,AIC2630,"19.093689,73.244675",4450,184,269
1762243629,2025-11-04T08:07:09Z,AIC2630,"19.093586,73.236961",4375,184,269
1762243638,2025-11-04T08:07:18Z,AIC2630,"19.093493,73.22937",4300,185,269
1762243647,2025-11-04T08:07:27Z,AIC2630,"19.093414,73.221176",4250,186,269
1762243656,2025-11-04T08:07:36Z,AIC2630,"19.093307,73.212494",4150,189,269
1762243665,2025-11-04T08:07:45Z,AIC2630,"19.093168,73.204498",4100,191,268
1762243673,2025-11-04T08:07:53Z,AIC2630,"19.093002,73.196365",4000,192,268
1762243680,2025-11-04T08:08:00Z,AIC2630,"19.092936,73.190269",3925,190,269
1762243688,2025-11-04T08:08:08Z,AIC2630,"19.092842,73.18248",3875,186,269
1762243697,2025-11-04T08:08:17Z,AIC2630,"19.092773,73.174927",3875,185,269
1762243703,2025-11-04T08:08:23Z,AIC2630,"19.092728,73.169678",3850,186,269
1762243712,2025-11-04T08:08:32Z,AIC2630,"19.092655,73.161705",3850,188,269
1762243720,2025-11-04T08:08:40Z,AIC2630,"19.09259,73.153793",3850,189,269
1762243728,2025-11-04T08:08:48Z,AIC2630,"19.09247,73.146126",3850,189,269
1762243737,2025-11-04T08:08:57Z,AIC2630,"19.092407,73.138245",3850,188,269
1762243743,2025-11-04T08:09:03Z,AIC2630,"19.092283,73.132744",3850,189,268
1762243751,2025-11-04T08:09:11Z,AIC2630,"19.09219,73.125198",3850,188,269
1762243760,2025-11-04T08:09:20Z,AIC2630,"19.092087,73.117249",3750,190,269
1762243766,2025-11-04T08:09:26Z,AIC2630,"19.091995,73.111313",3675,189,269
1762243774,2025-11-04T08:09:34Z,AIC2630,"19.091864,73.104027",3575,188,269
1762243783,2025-11-04T08:09:43Z,AIC2630,"19.09177,73.096237",3475,187,269
1762243789,2025-11-04T08:09:49Z,AIC2630,"19.091675,73.090569",3400,186,269
1762243797,2025-11-04T08:09:57Z,AIC2630,"19.091583,73.082771",3300,185,269
1762243806,2025-11-04T08:10:06Z,AIC2630,"19.091492,73.075211",3200,183,269
1762243814,2025-11-04T08:10:14Z,AIC2630,"19.091446,73.068169",3125,178,269
1762243823,2025-11-04T08:10:23Z,AIC2630,"19.091398,73.060577",3025,173,269
1762243831,2025-11-04T08:10:31Z,AIC2630,"19.091305,73.053741",2975,166,269
1762243839,2025-11-04T08:10:39Z,AIC2630,"19.091217,73.046921",2950,160,269
1762243846,2025-11-04T08:10:46Z,AIC2630,"19.091166,73.042053",2950,161,269
1762243854,2025-11-04T08:10:54Z,AIC2630,"19.091072,73.035408",2875,162,268
1762243861,2025-11-04T08:11:01Z,AIC2630,"19.090942,73.030342",2825,161,268
1762243869,2025-11-04T08:11:09Z,AIC2630,"19.090839,73.023773",2725,157,268
1762243878,2025-11-04T08:11:18Z,AIC2630,"19.090746,73.017532",2625,154,269
1762243884,2025-11-04T08:11:24Z,AIC2630,"19.090668,73.012688",2525,151,269
1762243892,2025-11-04T08:11:32Z,AIC2630,"19.090622,73.006554",2425,147,269
1762243899,2025-11-04T08:11:39Z,AIC2630,"19.090561,73.002007",2350,147,269
1762243908,2025-11-04T08:11:48Z,AIC2630,"19.090485,72.995667",2225,143,269
1762243916,2025-11-04T08:11:56Z,AIC2630,"19.090422,72.98967",2125,138,269
1762243926,2025-11-04T08:12:06Z,AIC2630,"19.090347,72.984283",2000,134,269
1762243933,2025-11-04T08:12:13Z,AIC2630,"19.090235,72.978935",1925,132,268
1762243941,2025-11-04T08:12:21Z,AIC2630,"19.09021,72.97374",1825,131,269
1762243948,2025-11-04T08:12:28Z,AIC2630,"19.090118,72.96933",1750,131,269
1762243955,2025-11-04T08:12:35Z,AIC2630,"19.090048,72.964897",1675,131,269
1762243962,2025-11-04T08:12:42Z,AIC2630,"19.090027,72.960846",1600,131,269
1762243970,2025-11-04T08:12:50Z,AIC2630,"19.089981,72.955643",1525,131,268
1762243979,2025-11-04T08:12:59Z,AIC2630,"19.089844,72.94976",1425,131,268
1762243985,2025-11-04T08:13:05Z,AIC2630,"19.089752,72.945786",1350,130,269
1762244011,2025-11-04T08:13:31Z,AIC2630,"19.089724,72.940979",1250,130,267
1762244023,2025-11-04T08:13:43Z,AIC2630,"19.089569,72.931755",1100,130,268
1762244041,2025-11-04T08:14:01Z,AIC2630,"19.08935,72.910667",725,126,269
1762244057,2025-11-04T08:14:17Z,AIC2630,"19.089256,72.901031",550,129,268
1762244064,2025-11-04T08:14:24Z,AIC2630,"19.089165,72.896935",500,130,269
1762244092,2025-11-04T08:14:52Z,AIC2630,"19.089024,72.888641",350,126,268
1762244111,2025-11-04T08:15:11Z,AIC2630,"19.088884,72.876007",125,126,268
1762244120,2025-11-04T08:15:20Z,AIC2630,"19.088791,72.872765",75,130,180
1762244186,2025-11-04T08:16:26Z,AIC2630,"19.090305,72.858856",0,14,276
